Organization Name,Organization URL,Sitemap,Event Page
Air Mobility Command Museum,https://www.amcmuseum.org,https://www.amcmuseum.org/sitemap.xml,https://www.amcmuseum.org/events-sitemap.xml
Bootless Stageworks,https://www.bootless.org,https://www.bootless.org/sitemap.xml,https://www.bootless.org/tc_events-sitemap.xml
Delaware Agricultural Museum & Village,https://agriculturalmuseum.org,https://agriculturalmuseum.org/wp-sitemap-posts-page-1.xml,https://agriculturalmuseum.org/museum-events/
Delaware Botanic Gardens,https://delawaregardens.org,https://delawaregardens.org/sitemap.xml,https://www.delawaregardens.org/press-releases
Delaware Center for Horticulture,https://thedch.org,https://thedch.org/page-sitemap.xml,https://thedch.org/event-calendar/
Delaware Children's Museum,https://delawarechildrensmuseum.org,https://delawarechildrensmuseum.org/sitemap.xml,https://delawarechildrensmuseum.org/events-sitemap.xml
Delaware Division of Historical & Cultural Affairs,https://history.delaware.gov,https://history.delaware.gov/sitemap.xml,https://history.delaware.gov/tribe_events-sitemap.xml
Delaware Division of the Arts,https://arts.delaware.gov,https://arts.delaware.gov/sitemap.xml,https://arts.delaware.gov/news/
Delaware Historical Society,https://dehistory.org,https://dehistory.org/sitemap.xml,https://dehistory.org/calendar/list/
Delaware Museum of Nature & Science,https://delmns.org,https://delmns.org/sitemap.xml,https://delmns.org/tribe_events-sitemap.xml
Delaware Nature Society,https://delawarenaturesociety.org,https://delawarenaturesociety.org/sitemap.xml,https://delawarenaturesociety.org/tribe_events-sitemap.xml
Hagley Museum and Library,https://www.hagley.org,https://www.hagley.org/sitemap.xml,https://www.hagley.org/plan-your-visit/calendar/all-events
Historic Odessa Foundation,https://historicodessa.org,https://historicodessa.org/sitemap.xml,https://historicodessa.org/events-calendar
Milton Theatre,https://www.miltontheatre.com,https://www.miltontheatre.com/sitemap.xml,https://www.miltontheatre.com/rhp_events-sitemap1.xml
Mt. Cuba Center,https://mtcubacenter.org,https://mtcubacenter.org/sitemap.xml,https://mtcubacenter.org/tribe_events-sitemap.xml
Nemours Estate,https://www.nemoursestate.org,https://www.nemoursestate.org/sitemap.xml,https://www.nemoursestate.org/events.html
Old Swedes Historic Site,https://oldswedes.org,https://oldswedes.org/sitemap.xml,https://oldswedes.org/events/
Riverfront Wilmington,https://riverfrontwilm.com,https://riverfrontwilm.com/sitemap.xml,https://riverfrontwilm.com/tribe_events-sitemap.xml
The Queen (Wilmington),https://thequeenwilmington.com,https://thequeenwilmington.com/sitemap.xml,https://thequeenwilmington.com/fad_tm_event-sitemap.xml
Visit Delaware,https://www.visitdelaware.com,https://www.visitdelaware.com/sitemap.xml,https://www.visitdelaware.com/events/
Visit Rehoboth,https://www.visitrehoboth.com,https://www.visitrehoboth.com/sitemap.xml,https://www.visitrehoboth.com/event
Lewes Historical Society,https://www.historiclewes.org,https://www.historiclewes.org/sitemap_index.xml,https://www.historiclewes.org/tribe_events-sitemap.xml; https://www.historiclewes.org/events/
Schwartz Center for the Arts (Dover),https://www.schwartzcenter.com,,
Delaware State Parks,https://www.destateparks.com,,https://www.destateparks.com/programs/
UD - The Arts at Delaware,https://www.arts.udel.edu,,
Arden Club / Gild Hall,https://www.ardenclub.com,,
Brandywine Zoo,https://www.brandywinezoo.org,https://brandywinezoo.org/sitemap_index.xml,https://brandywinezoo.org/tribe_events-sitemap.xml
Milford Museum,https://www.milfordmuseum.org,,https://www.milforddemuseum.org/events/
Fort Miles Historical Association,https://www.fortmilesha.org,https://fortmilesmuseum.org/fmha/page-sitemap.xml,
Visit Wilmington DE,https://www.visitwilmingtonde.com,https://www.visitwilmingtonde.com/sitemap.xml,https://www.visitwilmingtonde.com/events
delaware libraries,https://delawarelibraries.libcal.com,,https://delawarelibraries.libcal.com/calendar
New Castle City,https://newcastlecity.delaware.gov/,,https://newcastlecity.delaware.gov/events-happenings/
Visit Delaware,https://www.visitdelaware.com,,https://www.visitdelaware.com/events/
Wilminghton,https://www.wilmingtonde.gov,,https://www.wilmingtonde.gov/about-us/events-calendar
Dover,https://www.cityofdover.gov/calendar/,,https://www.cityofdover.gov/calendar/
Newark,https://newarkde.gov/,,https://newarkde.gov/calendar.aspx?view=month&year=2026&month=9&CID=21
Middletown,https://www.middletown.delaware.gov,,https://www.middletown.delaware.gov/calendar
Smyrna,https://smyrna.delaware.gov,,https://smyrna.delaware.gov/calendar.aspx?CID=27
Milford,https://www.cityofmilford.com/,,https://www.cityofmilford.com/
Seafordde,https://www.seafordde.com/,,https://www.seafordde.com/
Delaware State University,https://www.desu.edu/,,https://www.desu.edu/events