venue_id,name
2,Corbit-Calloway Memorial Library
3,Delaware Art Museum
4,Delaware Humanities
5,Mezzanine Gallery
7,"The Children's Theatre, Inc."
9,Dover Art League
10,Rehoboth Summer Children's Theatre
11,Wilmington Wintergrass
13,Middletown Main Street Inc
14,Market Street Music
15,Melomanie
16,The New Ark Chorale
17,City Theater Company
18,Arden Club
19,Milford Community Bands
20,Mid-Atlantic Ballet
21,Newark Arts Alliance
22,Biggs Museum of American Art
24,ecarte dance theatre
25,New Castle Historical Society
26,The Delaware Symphony Orchestra
27,The Grand Opera House
28,The Greater Millsboro Art League
29,First State Symphonic Band
31,Wilmington Children's Chorus
32,Creative Writing Center of Delaware
33,New Castle Court House Museum
35,The Old State House
36,John Dickinson Plantation
37,Johnson Victrola Museum
40,Zwaanendael Museum
41,Museum Square
42,Buena Vista
43,Clear Space Theatre Company
45,Rehoboth Beach Film Society
46,"Winterthur Museum, Garden & Library"
48,Delaware Photographic Society
49,OperaDelaware
50,Newark Symphony Orchestra
51,"The Brandywiners, Ltd."
54,Delaware Theatre Company
55,The Delaware Contemporary
56,Darlington Arts Center
58,Modern Maturity Center
59,Theatre N
61,Art Loop Wilmington
63,Delaware Friends of Folk
65,Delaware Institute for the Arts in Education
66,The Candlelight Theatre
67,First & Central Presbyterian Church of Wilmington
68,CoroAllegro
69,Bellevue State Park
71,Delaware ChoralArts
72,Chambers House Nature Center at White Clay Creek State Park
73,Brandywine Baroque
74,Greenwood Public Library
75,Judge Morris Estate
76,Center for the Creative Arts
77,Blue Ball Barn at Alapocas Run State Park
78,"Christina Cultural Arts Center, Inc."
80,The Music School of Delaware
82,Brandywine Creek State Park
83,Newark Department of Parks and Recreation
85,Dover Symphony Orchestra
86,Killens Pond State Park
87,First State Ballet Theatre
88,Lewes Public Library
89,Kent County Tourism
90,"DuPont Pavilion, Cokesbury Village"
91,Edgemoor Community Center
92,Cape Henlopen High School
93,Rehoboth Art League
94,Arsht Hall (UD Wilmington Campus)
95,Chesapeake Brass Band
96,"Wesley College, Wells Auditorium"
97,University and Whist Club
98,"Delaware Tech Theatre - Arts and Science Center, Georgetown"
100,Hotel duPont Gold Ballroom
101,The Recital Hall
102,Milford Senior Center
103,Longwood Gardens
105,St. John The Apostle Catholic Church
108,Milford Senior High School
109,Abbott's Mill
110,Methodist Manor House
113,Aldersgate United Methodist Church
114,Delaware Children's Theatre
115,Milford (town of)
116,Dover (city of)
117,Milford Boys & Girls Club
118,Milford Farmer's Market
120,Chase Center on the Riverfront
121,Smyrna Opera House
125,Clayton (town of)
126,Joshua M. Freeman Foundation
127,Dover Public Library
128,Seaford Historical Society
129,The Station Gallery
130,The Arsenal at Old New Castle
131,Arden Gild Hall
132,"Delaware State University, Education & Humanities Theater"
133,Middletown (town of)
134,Choir School of Delaware
135,"University of Delaware, Roselle Center for the Arts"
137,Movies at Midway
139,"University of Delaware, Trabant University Center"
141,The Inn at Canal Square
142,"Immanuel Church, Highlands"
143,CAMP Rehoboth
144,White Clay Creek State Park
146,Delaware Dance Company
147,"Wesley College, The Arts and Culture Committee"
148,Distant Voices Touring Theatre
149,"Kaleidoscope Art Studio, Absalom Jones Community Center"
150,"Art Therapy Express Program, Inc."
152,The Barn at Flintwoods
153,Freeman Arts Pavilion
154,Dickinson High School Theater
155,"University of Delaware, Mitchell Hall"
157,"Calvary Episcopal Church, Hillcrest"
158,St. Helena's Catholic Church
159,Vicmead Bidermann Golf Course
160,Hartshorn Theatre (University of Delaware)
161,New Castle Middle School
162,Academy Building Lawn
163,Governor Ross Mansion and Plantation
164,Milton Historical Society
165,Kuumba Academy Charter School
167,Howard High School of Technology
168,Delaware Shakespeare
169,The Wellness Community-Delaware
170,Delaware College of Art and Design
171,Hanlin Chinese Culture Association
172,Delaware Choral Society
177,Delaware Nature Society
180,Delaware Center for Horticulture
181,HildaMan Chorale
182,Gallery 50
183,Arden Buzz Ware Village Center
184,Delaware Museum of Nature & Science
187,"Wesley College, Bennett Chapel"
188,Episcopal Church of Sts. Andrew and Matthew
189,Delaware History Museum
190,Delaware Historical Society
191,SPARX
193,Milton Theatre
194,Mt. Cuba Center
195,Lewes Ninth Grade Academy
196,Lewes Parks and Recreation Commission
197,"Possum Point Players, Inc."
199,Chapel Street Players
201,Rodney Square
202,"Wilmington, Mayor's Office of Cultural Affairs"
203,Mispillion Art League
204,Southern Delaware Chorale
207,Crowne Plaza Hotel
208,Somerville Manning Gallery
209,Delaware Division of Libraries
210,First State Heritage Park
211,Shawnee Country Club
213,"University of Delaware, Department of Music"
215,Sankofa African Dance Company
216,Auburn Valley State Park
217,Unionville High School
218,Grace United Methodist Church
220,Laird Performing Arts Center at Tatnall School
221,Delaware Division of the Arts
222,Mt. Olivet United Methodist Church
223,St. Edmond's Roman Catholic Church
224,Calvary Community Series
225,Delaware Breast Cancer Coalition
226,Brandywine Friends of Old Time Music
227,The Playhouse on Rodney Square
228,Laurel Public Library
229,"Wesley United Methodist Church, Dover"
230,The Independence School - Auditorium
231,Ardensingers
232,Immanuel Church
233,Gilbert W. Perry Center for the Arts (The Gibby)
234,Downtown Dover Partnership
235,Downtown Dover
236,"University of Delaware, Loudis Recital Hall"
237,"Capital Ringers, Inc."
238,Art Works for All
239,The Arts Center/Gallery at Delaware State University
240,Diamond State Chorus
241,"University of Delaware, Department of English"
242,"University of Delaware, Gore Recital Hall in the Roselle Center for the Arts"
243,Delaware Arts Conservatory
244,Salem United Methodist Church
245,Avenue United Methodist Church
246,New Covenant Presbyterian Church
247,AerieArt Gallery
248,Abraxas Studio of Art and Gallery
249,Nemours/Alfred I. duPont Hospital for Children
250,Dickinson Theatre Organ Society
251,Premier Centre for The Arts - Middletown
252,Best of Broadway Productions
253,DuPont Country Club
255,First State Harmonizers
256,The Rainbow Chorale of Delaware
257,Delaware Division of Historical and Cultural Affairs
258,Lower Brandywine Presbyterian Church
259,St. Joseph's on the Brandywine
261,Hagley Museum and Library
262,"Delaware State University Concert, Choir"
263,First Baptist Church of Dover
264,Calvary Assembly of God
266,The Studio on 24
267,Delaware By Hand
268,"University of Delaware, Mechanical Hall Gallery"
269,"University of Delaware, Old College Gallery"
271,Family Stages
272,Delaware Comedy Theatre Foundation
273,Delaware Foundation for the Visual Arts
274,Baywood Greens Clubhouse
275,Rehoboth Beach Public Library
276,Read Aloud Delaware
277,Dover Century Club
279,Rehoboth Beach (town of)
281,Indian River Life-Saving Station Museum and Gift Shop
282,The Everett Theatre
283,Concord High School Auditorium
284,Coastal Concerts
285,Bethel United Methodist Church Hall
286,Harmony Weavers Guild
288,All Saints Episcopal Church (Rehoboth Beach)
289,Seaford (city of)
292,Hardcastle Gallery
293,Atlantic Sands Hotel
294,Nassau Valley Vineyard - Gallery One
295,Indonesian Cultural Club (ICC) of Delaware
298,Chorus of the Brandywine
299,Presbyterian Church of Dover
303,Nemours Mansion and Garden
304,"University of Delaware, Bayard Sharp Hall"
305,"University of Delaware, Puglisi Orchestra Hall at Roselle Center for the Arts"
306,Newark Municipal Building
308,"Wilmington University (New Castle), Auditorium"
309,Church of the Holy City
310,"Delaware Charitable Music, Inc."
312,Cape Henlopen State Park
313,Dover Downs Hotel & Casino
314,Delaware State Parks
315,Chinese School of Delaware
316,Chinese American Community Center
317,Second Street Players
319,"University of Delaware, Thompson Theatre at Roselle Center for the Arts"
320,Wilmington & Western Railroad
321,Hockessin Memorial Hall
322,Mariner's Bethel United Methodist Church
323,"Epworth United Methodist Church, Rehoboth"
324,Bengali Association of Delaware Valley
326,Milford Middle School
327,Inner City Cultural League
328,Newark Community Band
329,Newark High School
330,People's Church of Dover
331,Delaware Literary Connection
332,National League of American Pen Women Diamond State Branch
333,The Deer Park Tavern
334,Residences at Rodney Square - Great Room
335,Lewes Historical Society
337,Pastiche
338,Brandywine Hundred Branch Library
339,New Castle County
341,South Coastal Library
342,Indian Students Association
344,Bicentennial Park
345,"Downtown Milford, Inc."
346,Milford Memorial Park
347,Wesley College
348,First Presbyterian Church of Newark
350,"Associated Community Talents, Inc. (ACT)"
352,Delmar Public Library
353,Frankford Public Library
354,Georgetown Public LIbrary
355,Harrington Public Library
358,Millsboro Public Library
359,Milton Public Library
360,Seaford Library and Cultural Center
361,Selbyville Public Library
362,Duck Creek Regional Library (Smyrna Public Library)
363,Pegasus ArtWorks Boys & Girls Clubs of Delaware
364,Hearts and Minds Screening Room
365,J. Alexander Productions LLC
367,Stango Park
368,Sussex Dance Academy
369,El Centro Cultural
370,Copeland String Quartet
371,New Wilmington Art Association
372,Milton Arts Guild
373,Milton (downtown)
374,Milford Memorial Hospital Auxiliary
375,Wyoming (town of)
376,Bellefonte Arts Festival
378,The Delaware Film Company
380,Bowers Beach Maritime Museum
381,Between Books
382,Westminster Presbyterian Church
384,St. Martha's Episcopal Church (Bethany Beach)
385,Centreville Civic Association Concerts in the Park
386,Canby Grove Park
387,"Battery Park, New Castle"
388,Bethany Beach Bandstand
389,Town of Bethany Beach
390,Woodlawn Library
391,Newark Senior Center
392,Dravo Plaza
395,"Legislative Mall, Dover"
396,Pennsylvania Guild of Craftsmen
398,Ocean Pines Association
399,White Horse Park
400,Jesus Love Temple
401,New Castle Public Library
402,Appoquinimink Public Library
403,Bear Public Library
404,Claymont Branch Library
405,Delaware City Library
406,Elsmere Library
407,Garfield Park Lending Library
408,Hockessin Public Library
409,Newark Free Library
410,Wilmington Public Library
411,North Wilmington Branch Library
413,"University of Delaware, Mineralogical Museum"
414,Dover Spouses' Club
415,Delaware State Fairgrounds
417,Your Creation Station
418,Delaware Public Archives
420,The Atlantic Harmony Brigade
422,New Castle Summer Concerts Committee
423,"Battery Park, Delaware City"
424,Millsboro Little League Complex
425,Union City Grille
434,Ocean City Convention Center
435,"National League of American Pen Women, Holly Branch"
436,Delaware Agricultural Museum and Village
437,Silver Lining Quartet
438,Washington Street Ale House
439,Lewes Artists' Studio Tour
440,Kent Sussex Quilt Guild
441,Newark Performing Arts
442,True Light Productions
443,God's Power and Light Co.
444,"University of Delaware, Morris Library"
445,St. Anthony of Padua Church
446,Bootless Stageworks
447,Red Robin
450,Delaware City (city of)
451,352 Downs Chapel Rd
452,Adas Kodesch Shel Emeth
457,Eagle's Nest Fellowship Church
458,Woodbridge High School
459,Community Lutheran Church
463,Willingtown Square
464,the baby grand
466,Wilmington Riverfront
468,Friends of the Georgetown Public Library
469,CHEER Community Center - Georgetown
470,Kent County Theatre Guild
471,First State Heritage Park Welcome Center
472,Georgia House
473,205 Lavinia Street Gallery
474,Green Willow Folk Club
475,"University of Delaware, Memorial Hall"
476,Elwyn
477,Peninsula Community Church
478,School Day Theater
479,Seaford Community Concert Association
480,Central Middle School Auditorium
482,Gallery One
483,Holy Trinity Greek Orthodox Church
484,Howard Pyle Studio
485,Videll's Day Spa
486,Santa House
487,The Circle in Georgetown
488,Down's Cultural Enrichment           Center
489,Faith Baptist Church
490,AbleArts
492,"Stone Stable, Odessa"
493,JD Kurtz/ New Moon Rugs
494,Newcomers Club of Dover
495,Rockwood Park & Museum
496,Stone Balloon Ale House
497,Wyoming United Methodist Church
498,Church of the Nazarene
499,St. John's United Methodist Church
500,Rehoboth Beach Main Street
504,Reedy Point Players Ltd.
505,Delaware City Community Center
506,"Delaware State University, Theater and Dance Program"
507,Air Mobility Command Museum
508,Dover Air Force Base Arts & Crafts Center
509,The Lorelton
510,Sacred Heart Oratory
513,Redding Gallery
514,Kidzworx Multicultural Arts and Entrepreneurial Program
516,"The Music School of Delaware, Milford Branch"
517,Newark United Methodist Church
518,Laurel Historical Society
519,Wilmington Handbell Ensemble
520,The Evangelical Lutheran Church of the Good Shepherd
522,Rehoboth Beach Writers Guild
523,Super G Upstairs Conference Room
524,"Old Christ Church, Laurel"
525,"Wesley United Methodist Church, Georgetown"
526,Juleez
527,"Piffaro, The Renaissance Band"
528,Seafood Shack
529,Cornerstone Church - Dover
534,Frog Hollow Golf Club
535,Delaware State University
536,Milford Santa House
539,Wesley College Dept. of Literature and Languages
540,St. Philip's Episcopal Church
541,"Campton Productions, LLC"
542,Bethany Blues Lewes
543,St. Thomas Episcopal Church
544,The Joe Trainor Trio
545,Delaware Theatre Association
547,United Legends of America
548,Cab Calloway School of the Arts
550,Stewart's Brewing Company
551,Delaware Children's Museum
552,St. Mark's High School
553,P.S. duPont Middle School
554,Limestone Presbyterian Church
555,Newark Center for Creative Learning
556,Beebe Health Campus
557,Arden Craft Shop Museum
558,Lutheran Church of Our Savior
560,Delaware Greenways
562,Parson Thorne Mansion
563,Brandywine Festival of the Arts
564,Brandywine Park - Wilmington State Parks
565,Newark Film Festival
566,Newark Cinema Center 3
567,E-52 Student Theatre
568,Light Up The Queen Foundation
569,Justison Landing Park
570,DuPont Nature Center
571,Harmony on the Hill
572,Wilmington Friends Meeting
573,Wicomico Presbyterian Church
574,"St. Marks United Methodist Church, Easton"
577,The Cove
578,The Lighthouse
579,Wilmington Trust Lobby
580,Wilmington Hall by Timothy's
582,Inner Light Theatre
583,Main Street (Newark)
584,Lewes Canalfront Park
586,Tubman-Garrett Riverfront Park
587,"World Music, Inc."
588,Field Theater - Arden Town Green
589,Arden Shakespeare Gild
590,International Ballet Classique
591,"Neumann University, Meagher Theatre"
592,Delaware Today Magazine
593,Nutter Park
594,"Eastern Shore AFRAM Festival, Inc."
595,Academy of International Ballet
596,"Latino Initiative on Restorative Justice, Inc."
600,Over Coffee Cafe
601,Que Pasa
602,Holy Cross Church
603,Lewes' Artists Studio Tour
604,Bridgeville Public Library
608,Meet Your Sisters at the Well
611,Safeway Store
612,Brandywine High School
613,Grace Episcopal Church
614,"Prudential Gallo, REALTORS-Touch Of Italy Foundation"
615,"MDC Investment Group, Inc."
616,Judy Johnson Park
618,Mezzanine Auditorium
619,Cool Spring Reservoir Park
620,Wilmington Alliance
621,Pizzadili Winery
622,"The Salvation Army, Creative heARTs program"
625,"Pieces of a Dream, Inc."
626,Danceworks Dance Studio
627,Resident Ensemble Players
628,The Village of Arden
629,The Cool Dog Concert Series
630,Deerfield Golf and Tennis Club
631,Reach Academy for Girls
633,Concordia Lutheran Church
634,"Wings of Faith Kingdom Ministries, Inc."
636,McGlynn's Pub
637,Sheraton Hotel Conference Center
639,Flint Woods Preserve
641,Lydia Black Cannon Museum
642,Little Italy Neighborhood Association
645,Blackbird Creek Reserve
647,Delaware National Estuarine Research Reserve
650,Rehoboth Beach Museum
651,Whereabouts Cafe
652,Tower Hill School
653,"University of Delaware, Smith Hall"
654,Dickens Parlour Theatre
657,Delaware Chamber Music Festival
659,Middletown High School
660,Delaware County Symphony
661,The Christmas Shop Foundation
662,The Buttery
663,Timothy's Riverfront Grill and Hall
665,Wilmington Ballet Academy of the Dance
667,Gateway Garden Center
669,Delaware Heritage Commission
670,Camden Meeting Friends
671,"The Green, Dover"
672,Asbury United Methodist Church
673,Indian River High School
674,Union United Methodist Church
675,Christ Church Easton
676,"St. Paul's Episcopal Church, Centreville"
677,Northern Delaware Oratorio Society
678,"Barnes & Noble, Christiana Mall"
680,Delcastle Technical High School
681,Wilmington Christian School Fine Arts Auditorium
683,Immanuel Episcopal Church on the Green
684,Christ Church Christiana Hundred
685,Delaware Press Association
686,Angelucci Studios & Artists' Gallery
687,NCM Fathom
689,"American Association of University Women (AAUW), Wilmington Branch"
690,Concord Mall
691,First State Ringers
692,Shipley Lofts
693,Greenville Country Club
694,Dover Newsstand & Cafe
695,"Pettinaro Management, LLC"
696,Veritas Wine and Spirits
697,Milton Fire Hall
698,Trinity Center for Urban Life
700,"Wesley College, College Center"
702,Appoquinimink High School
704,Bethany Baptist Church
705,"Barnes & Noble, Concord Square"
706,Dogfish Head Brewings & Eats
707,A.I. duPont Middle School
709,"University of Delaware, Pearson Hall Auditorium"
710,Possum Point Players Theatre
711,The Written Remains Writers Guild
712,Sussex Technical High School
713,"Wesley College, Parker Library"
714,"Delaware Dance Alliance, LLC"
715,Marple Public Library
718,Dover High School
719,People to People Delaware
720,Brandywine River Museum of Art
722,Friends of Historic Camden
723,Rockford Park
724,Wilmington State Parks
726,The Centre Ice Rink
728,Cape May-Lewes Ferry
729,The Den at Bear Trap Dunes
731,Browseabout Books
732,Sussex Academy of Arts and Sciences
733,Milford Parks and Recreation Meeting Room
734,Debbie's Fund for Animals
735,Gallery 919 Market
736,Archmere Academy Performing Arts Center
739,George Wilson Center
740,Allies for Racial Justice
741,First Unitarian Church of Wilmington
742,Kent County Mobile Library
743,Brecknock County Park
744,Big Oak County Park
745,Browns Branch County Park
746,Calvary Pentecostal Church
747,Trap Pond State Park
748,Seaford Farmer's Market
749,Packard Reath Gallery
751,Delaware City Main Street
754,Live Cheap and Make Art Studios
755,Nanticoke River Arts Council
756,Act Two Florist
758,Oxford Presbyterian Church
759,Oxford Area High School Auditorium
761,Dance Moves and Manners
762,"Copeland Room, Delaware History Museum"
763,Lincoln Square Blue
764,Lincoln Square Red
765,Lincoln Square Green
766,The Arts at Trinity
767,Trinity Episcopal Church
768,Cokesbury Village
769,"University of Delaware, Athletic Complex"
771,Chris White Gallery (Shipley Lofts Building)
772,Delaware Arts Alliance
774,Congregation Beth Emeth
775,Rusty Rudder
776,Outlook at the Duncan Center
778,The Labyrinth at First & Central
781,Delaware River Pottery
782,John Bell House
783,Rose Cottage
784,The Burslem Studio
786,Nothing But Treble
787,"Accent Music, Inc"
788,MOJO Main
789,New Castle County Art Studio
791,Siegel JCC
792,The Bellmoor Inn & Spa
793,Gallery 107
794,Lake Forest High School
796,Lutheran Church of the Good Shepherd
797,The Java House Cafe
798,the baby grand Studio One (3rd floor)
800,Heritage Shores
801,Delmar High School
803,Piazza Mia
804,Film Brothers Movie Co-op
806,the [blank] canvas
808,Dover English Country Dancers
809,"Ehinger Hall, Elizabeth Murphey School Campus"
810,Brandywine Valley Baptist Church
811,Rehoboth Beach Convention Center
813,Dagsboro Boys & Girls Club
814,Concord Players
815,SRIJAN
816,Sussex Central High School
817,Darley House
820,Duck Creek Historical Society
821,Seaford Sports Complex
822,Cavaliers Country Club
825,World Trade Center Delaware
826,Zwaanendael Park
828,New Castle (city of)
829,Historic New Castle
830,Lewes Presbyterian Church
831,Western Sussex Farmers' Market (Seaford)
834,Brandywine Family Film Festival
835,ShopRite Parking Deck (Christina Crossing)
836,Waterview Gardens
837,Saint Edmond's Academy
838,Indian River Marina
840,Old Town Hall
841,Peninsula Gallery
843,"Unitarian Universalist Fellowship of Newark, Fellowship Hall"
844,Greater Georgetown Chamber of Commerce
845,Sussex County Airport
846,The Zone Fitness and Wellness Center
848,Mary Vessels Park
850,Tea and Cakes Tea Room
851,"University of Delaware, Gore Hall, Room 318"
852,Kirkbride Lecture Hall
853,Wilmington Friends School
854,"Delaware State University, Administration Building, Multipurpose Room, 4th Floor"
855,The Painted Tea Cup
856,"Wesley College, DuPont Center, 3rd floor"
857,Brandywine Association of Fundraising Professionals
859,Vine & Vessels Christian Writers Fellowship
860,Crossroad Community Church
862,Thump Thump Productions
864,Shenanigans Irish Pub and Grill
866,"Town Square, Camden"
867,Rustin High School Auditorium
868,Milburn Stone Theater
869,The Empowerment Corner
870,The Mary Campbell Center
871,TS Smith & Sons
872,Claymont Boys & Girls Club
873,"SOAR (Survivors of Abuse in Recovery, Inc.)"
874,Salesianum School
878,Eddie Sherman Presents....
879,Saketumi Restaurant - Upstairs
881,Coastal Camera Club
882,Pierre S. du Pont Arts Center
883,"The Friends of Old Dover, Inc."
884,The Kitchen at Paynter's Mill
885,Gallery 37- A Destination for Artful Living
889,"Delaware State University, Bank of America Building"
891,Milton Community Foundation
892,Gallery at Scott's Chapel (Epworth Church)
893,Pizza by Elizabeth's
895,St. Peter The Apostle Church
896,St. Peter Catholic School
897,Wild Quail Golf & Country Club
898,Delaware PhotoWalks
900,Newport Industrial Park
901,Panera Bread
903,H. Fletcher Brown Park (Wilmington State Parks)
905,2nd & Charles
907,Embassy Suites Newark - Wilmington/South
908,Faith Victory Christian Center
909,Lady's Image Boutique
910,Fort Christina Park
912,Wilmington Classical Guitar
913,Lavender Fields
914,Radnor Hunt Races
915,WDDE 91.1FM
916,Regal Brandywine Town Center 16
917,Osher Lifelong Learning Institute at the University of Delaware - Wilmington
918,Street Road Artists Space
920,"Old Brandywine Village, Inc."
921,Greater Delmar Chamber of Commerce
922,State Street Park
923,Diamond Dance Company
924,Sully's Irish Pub at the Witherspoon
925,Downtown Visions
927,Janosik Park
928,Town of Laurel
929,Milton Memorial Park
930,CenDel Building
931,"Lincoln University, Ware Theater"
932,Colourworks Photo/Art Space
934,Delaware School for the Deaf
935,Vinyard Shipyard
936,Latin American Community Center
937,The Glade Clubhouse
938,The Food Bank of Delaware
939,Alapocas Run State Park
940,TEDxWilmington
942,The Kenny Family Foundation
943,Shoestring Productions of Brandywine Valley
945,Lums Pond State Park
946,Brandywine Zoo
948,The Blue Orchid
949,MeJah Books
950,K.O. Simms Fine Arts
951,Claymont
952,St. Jones Reserve
954,Arden Concert Gild
955,St. James' Episcopal Church
957,Alexis I. duPont High School Theatre
958,Twin Lakes Brewing Co
959,The High Roads Band
960,"University of Delaware, Master Players Concert Series"
962,Georgetown Middle School
964,Old Christ Church League
965,"Clayton Hall Conference Center, University of Delaware"
966,Central Delaware Chamber of Commerce
967,"Practice Without Pressure, Inc."
968,Walter L. Fox Post No. 2
969,Read House & Gardens
971,Community Music School
972,West Chester United Methodist Church
973,Hotel Rodney
974,Rehoboth Concert Band
975,Grass Dale Center
976,Kurtz Collection
977,American Dance Academy
978,The Studios Upstairs
979,Grace Church
980,Chadds Ford Elementary School
981,Hockessin Book Shelf
982,Luigi's Pizza
983,Virden Retreat Center
985,Church of the Loving Shepherd
987,Catherine Rooney's Newark
988,Unitarian Universalists of Southern Delaware
989,Lincoln Community Center
990,Hockessin Community Recreation Center
991,Christiana Fire Company Memorial Hall
992,Kalmar Nyckel Foundation
993,DuPont Environmental Education Center
994,Brandywine Conservancy
995,"University of Delaware, The Green"
996,Dagsworthy Avenue
997,Dewey Business Partnership
998,Unitarian Universalist Society of Mill Creek
999,Marshall Steam Museum at Auburn Heights
1000,Bayside Chapel
1001,Presbyterian Church of Chestertown
1003,St. Stephen's Lutheran Church
1004,St. Paul's Evangelical Lutheran Church
1005,Cool Spring Park
1007,Penn's Place
1008,Pennsbury Historic Mill
1009,Studio 118 Gallery on Clinton
1010,East Brandywine Township
1011,"University of Delaware, Gore Hall, Room 103"
1012,Wicomico Youth & Civic Center
1013,Milford Public Library Ampitheater
1016,Downtown Seaford
1017,Head of Christiana Presbyterian Church
1018,Back Porch Cafe
1019,Hercules Building Plaza
1020,Jewels of the Orient Bellydance & Wellness Festival
1021,ACLU of Delaware
1022,"Cadbury at Lewes, 2nd Floor Auditiorium"
1024,The Media Theatre for the Performing Arts
1025,Claymont Stone School
1026,New Castle Presbyterian Church
1027,Bethany Beach Volunteer Fire Company
1028,Town of Smyrna
1029,Sussex Family YMCA
1031,World Cafe Live Philadelphia
1032,Bayside Resort Golf Club
1034,Glasgow Park
1037,Delaware Seashore State Park
1038,"Campgound Ampitheater, Killens Pond State Park"
1039,Georgetown Chamber of Commerce
1040,Talleyville Frame Shoppe & Gallery
1042,Sweet Serenity Chocolates
1044,IndoAmerican Association Of Delaware
1045,Father Tucker Memorial Park
1046,CHEER Center - Millsboro
1047,Kennett Flash
1048,Odessa Fieldstone Stable
1049,Kids Cottage
1050,"Lewes, Delaware"
1051,Sue Ellen Thompson
1053,Middletown Square Shopping Center
1054,International Council of Delaware
1055,Historic Odessa Brewfest
1056,Fort Delaware State Park
1057,Pacem in Terris
1060,Cambridge Main Street
1062,Premier Centre for the Arts - Milton
1064,Songwriters Association of Delaware (SWADE)
1065,The Arise Church
1066,St. Mary of the Assumption Church
1067,Georgetown Fire Hall
1068,The Upper Crust
1069,"Georgetown Arts & Flowers, Inc."
1070,Union Park Honda
1073,Amandeline Gallery
1074,Bombay Hook National Wildlife Refuge
1075,Hockessin Fire Company
1076,Acorn Books
1078,Rose Colored Lasses
1079,"Delaware Hospice Center, Milford"
1081,Ocean Medical Imaging
1082,Bruce Productions
1083,Delaware Live
1084,Fringe Wilmington
1085,Community Church at Ocean Pines
1086,Reformation Lutheran Church
1087,Hockessin United Methodist Church
1089,lolahSoul Jewelry
1091,Skyline Methodist Church
1092,Osher Lifelong Learning at the University of Delaware in Lewes
1093,Janekav Gallery
1095,The Studio Group
1096,Ocean Waves Quilt Guild
1097,American Legion Post
1098,"Holiday Inn Express, Seaford"
1099,Live Nation
1101,Eastern Shore Writers' Association
1102,The Brick Hotel
1103,Roma Italian Ristorante
1104,Blue Hen Comedy Club
1105,Chesapeake Inn
1106,The Restaurant at Lighthouse Sound
1107,Chillin with Charlie
1108,Arden Folk Gild
1109,The Cottage Cafe
1110,Cultured Pearl Restaurant
1111,Rowan University
1112,2nd Saturday Poets
1113,The Jackson Inn
1115,Blue Hen Auction
1116,Dunes Manor Hotel
1117,Patchwork Playhouse
1118,Ishanya Dance Company
1120,"Chi Eta Phi Sorority, Inc. - Northeast Region"
1121,"University of Pennsylvania, Music Building"
1122,"Abbott's on Broadcreek, Laurel"
1123,Priscilla Payson Foundation
1124,"Take Two Drama Club, Sussex Central High School"
1126,North Inlet Day Area Gazebo
1127,Mio Fratello Italian Steakhouse
1128,"Delaware Hospice, Newark"
1129,Georgetown Circle
1130,"Immediato's Bistro, Middletown DE"
1131,Opus One Vocal Arts
1132,Mount Pleasant High School
1133,Blades Park
1134,Nanticoke River Marine Park
1135,"North Bedford Street Park, Georgetown"
1136,The Clarion Hotel - The Belle
1137,Heart in the Game
1139,Ninth Street Book Shop
1141,"St. Marks United Methodist Church, Wilmington"
1142,"St. Paul's Episcopal Church, Georgetown"
1143,Harrington Raceway & Casino
1144,Happy Feet Soul Line Dance Network LLC
1145,Fordham & Dominion Brewing Co.
1146,Peniel United Methodist Church
1147,"Barnes & Noble, University of Delaware Bookstore"
1148,Ubon Thai Cuisine
1149,Kevin Fleming Photography
1151,"The Elks Lodge, Salisbury, MD"
1153,Delaware Watercolor Society
1154,"International House, Philadelphia"
1155,Metropolitan Community Church
1156,Glasgow Church
1158,Causey Mansion Bed & Breakfast
1159,Millsboro Cupola Park
1160,One Greenville Crossing
1161,Salem County Fairgrounds
1162,The Salted Rim
1163,Ed Oliver Golf Club
1164,Carousel Park
1165,American Pops Orchestra
1167,Schoonover Studios Ltd.
1168,Stuart Kingston Galleries
1169,Central Delaware Blues Society
1170,Jonathan's Landing
1171,Ivy Restaurant
1172,Realize Records
1173,Odessa National Golf Club
1174,Nanticoke Senior Center
1175,Gable Music Ventures
1176,"St. Edmond's Academy, The Rollins Center for the Performing Arts"
1177,IN Wilmington
1178,Diamond State Concert Band
1179,2nd & LOMA
1180,"Berkana, Center for Media and Education"
1181,The Renewal Center
1182,Unbranded Dance
1183,The Geipel Center at Sanford School
1184,Delaware Public Media - WDDE
1185,Barry's Events
1186,La Esperanza
1187,American Birding Association
1188,Udaan
1189,Gauger-Cobbs Middle School
1190,Save the Valley
1192,Indy Hall at Independence
1193,Coverdale Farm Preserve
1194,Garfield Park Community Recreation Center
1195,Oddity Bar
1196,Independence Homeowners' Association Committee and Clubhouse
1198,The Cathedral of Saint Peter
1199,Christ Church Dover
1200,"The Pyrates Way, LLC"
1201,"West Chester University, Ware Family Recital Hall"
1203,Christiana Mall
1204,Movies at the Riverfront Theater
1205,"St. Mark's Episcopal Church, Millsboro"
1206,"True Blue Jazz, Inc."
1207,OperaDelaware Black Box
1209,Ayre Craft
1210,Milton Century Club
1212,Delaware Ballet
1213,Jawanza Kobie Band
1214,Lighthouse Dance & Yoga
1216,The Eastern Shore Bluegrass Association
1217,Delaware Genealogical Society
1218,Viglantes Band
1219,Cornerstone Church - Bear
1220,Wilmington Youth Jazz Band
1221,AIDS Delaware
1222,Parke Green Galleries
1223,There 2 Care
1224,Cinema Art Theater
1225,Delaware Division of Human Relations
1227,Irish Eyes Restaurant and Pub
1228,The Broadkill River Press
1230,St. Andrew's Lutheran Church
1231,Arden Group Motion
1232,Gymboree Play & Music
1233,Kemblesville United Methodist Church
1234,Avon Grove Community Theater
1235,Greenhill Imaging
1236,Wright Touch Writers' Group
1237,Avon Grove Library
1240,The Inspire Lot
1241,Sankofa Cultural Arts Center
1242,DANCE4LIFE School of the Arts and Training Institute
1243,Richardson Park Elementary School
1244,Broadkill Beach
1246,Tango Lewes
1249,"Doubletree by Hilton, Wilmington"
1250,Carpenter Recreation Area - White Clay Creek State Park
1251,Hartly (Town of)
1252,Middletown Senior Center (MOT)
1253,Holly Branch National League of American Pen Women
1254,The Ministry of Caring
1255,OperaDelaware Studio
1256,Hockessin Athletic Club
1257,Children & Families First
1258,St. George's Chapel
1259,Talley Middle School
1260,Presbyterian Church of the Covenant
1261,Sherry Gage Chappelle
1262,SMArtSummer
1263,Claymont Community Center
1264,Saint George's Country Store
1265,Burlap and Bean
1266,Back Creek Golf Club
1267,Wye River Upper School
1268,Wilmington (city of)
1269,BBC Tavern and Grill
1270,Peoples Settlement Association
1271,Emmanuel Presbyterian Church
1272,"First Baptist Church of Delaware, New Castle"
1273,Creative District Wilmington
1274,Wilmington Concert Opera
1275,"Painting with a Twist, Lewes"
1276,SouthBound Comedy
1277,Cornerstone Fellowship Baptist Church - Wilmington
1278,"Painting with a Twist, Wilmington"
1279,"West End Neighborhood House, Inc."
1280,"C.E.R.T.S., Inc."
1281,The Clayton Theatre
1282,Good Earth Market
1283,Groome United Methodist Church
1284,Hanover Presbyterian Church
1285,Holy Angels School
1286,Painted Stave Distilling
1287,Dew Point Brewing Company
1288,Jewish Federation of Delaware
1289,Milford Museum
1290,Delaware Writers Studio
1293,"University of Delaware, Louis L. Redding Residence Hall"
1294,KP Dance Expressions
1295,Delaware Wild Lands
1296,Friends of Wilmington Parks
1297,MoonCat Comedy
1299,Elkton United Methodist Church
1300,Ebenezer United Methodist Church
1301,Connections CSP Inc.
1302,Bottle & Cork
1303,Hudson Fields
1304,Casino at Delaware Park
1305,Avocado Media LLC
1307,Taylor House Museum
1308,Bar XIII
1309,Delaware Medical Reserve Corps
1310,The Broadway Theatre of Pitman
1311,Bethany Beach Ocean Suites
1312,Friends of Kent County Public Library
1313,The Waterfall
1314,Downtown Berlin
1315,Melodic Movements
1316,Lee Brandon Christopher Studio
1318,Central Delaware Civil War Roundtable
1319,Kent Chamber Choir
1320,Milton Workshop
1321,Mispillion Art League Education Annex
1322,"Beat Addikts United, Incorporated"
1323,Ezion-Mount Carmel United Methodist Church
1325,Afro-American Historical Society of Delaware
1326,African-American Heritage Center
1327,Milford High School
1328,Pemberton Historical Park
1330,Barratt's Chapel
1331,Schwartz Center for the Arts
1332,Delaware Playwrights
1333,Studio of Nettie Green
1334,Mary Mother of Peace Catholic Church
1336,Horizon Services Riverfront Rink
1337,"United Cerebal Palsy of Delaware, Inc."
1338,Harry's Savoy Grill and Ballroom
1339,Lead Graffiti
1340,Francis X. Norton Center
1341,Daily State News
1342,Liquid Alchemy
1343,3rd Place Gallery
1344,Foot Light Productions
1345,Cecil Con
1346,Goshen United Methodist Church
1347,Student Disabilities Advocate
1348,2x4s Square Dance Club
1349,Route 9 Library & Innovation Center
1351,Blue Crab Grill
1352,Kingswood Community Center
1353,Port Penn Historical Society
1354,Sussex County Stamp Club
1355,Sunroom Songwriter's Series House Concerts
1357,Roman Fisher Farm at Great Cypress Swamp
1358,Mad Poets Society
1359,Dewey Artist Collaboration
1360,Quaker Hill Historic Preservation Foundation
1361,Duck Creek Gardeners
1363,The Rock Lot
1364,Griffin Theatre
1365,Holts Landing State Park
1366,Rehoboth Beach Contra Dance
1367,Community Arts Center
1368,Buckingham Presbyterian Church
1369,All Hallows Episcopal Church
1371,Devil's Party Press
1372,The Suburban Farmhouse
1373,Fort DuPont Redevelopment
1375,Atlantic Visual Arts
1376,Chad State Studio
1377,Georgetown Presybterian Church
1378,Episcopal Church of St. John the Baptist
1379,ARIANNA Alliance
1380,Rehoboth Beach Volunteer Fire House
1381,Salisbury University
1382,Empower and Educate
1383,Historic Belmont Hall
1384,Greenbank Mills and Phillips Farm
1385,Delaware Saengerbund
1386,Women's Club of Milton
1387,Pencader Heritage Museum
1388,The Art & Book Fair Planning Committee
1389,Oberod Estate
1390,"City Hall, Dover"
1391,"Cathedral Church of St. John, Wilmington"
1392,Ascend Flow Arts
1393,CAMP Rehoboth Chorus
1394,Appoquinimink Community Recreation Center
1395,Wilmington Brew Works
1396,"Dover High School, Theatre"
1397,Lower Delaware Dance Society
1399,Minquadale Fire Company Memorial Hall
1400,St. Jude Parish Life Center
1401,Urban Sketchers Delaware
1402,Market Place Gallery
1403,Delaware Fun A Day
1404,Delaware Beach Classical
1405,Dogfish Head Craft Brewery
1406,Milton Farmers' Market
1407,Sussex Academy
1408,Rehoboth Beach Bandstand
1409,Solid Rock Outreach Center
1410,Tyler Arboretum
1411,Milton Chamber of Commerce
1412,Children's Dental Health
1414,House of Coffi
1415,Brimming Horn Meadery
1416,Bethany Beach Books
1417,B&B Music and Sound
1418,The Rockshop Performing Arts Center
1419,Main Street (Dover)
1420,Delmarva Christian High School
1421,The Bookplate
1422,Mispillion River Brewing
1423,Marshall Bridge Studio
1424,Love Creek Elementary School
1426,Seaford Senior High School
1427,Red Bandana
1428,Chambers Memorial  Hall
1429,Humane Animal Partners Delaware
1430,The Creative Vision Factory
1431,Rehoboth Beach Jazz Festival
1432,IHOP
1433,Rose Hill Farm
1435,Rehoboth Beach City Hall
1439,Trinity Episcopal Church (Swarthmore)
1441,New Castle County Libraries
1442,Saint Thomas More Academy
1444,St. Thomas More Society
1447,Mystery Writers of America
1448,New Light Theatre
1449,"University of Delaware, Special Collections Gallery"
1450,The Sold Firm
1451,Conley's United Methodist Church
1452,"Brew Ha Ha, Greenville"
1453,Act Players
1454,NextFab
1455,Delaware Winds
1456,The Riff Literary Art Magazine
1457,Penn Cinema Riverfront
1458,"Grace United Methodist Church, Millsboro"
1459,Long Neck United Methodist Church
1460,"Westminster Presbyterian Church, Rehoboth"
1461,Lewes Loves Books
1462,History Book Festival
1464,First Presbyterian Church of Milford
1466,Mid-Atlantic Association of Museums
1467,Out & About Magazine
1469,Agora Gallery
1470,United States Army Field Band
1471,"Herman W. Holloway, Sr. Park"
1472,Haynes Park
1473,LaFate Gallery
1474,Milk + Honey Cafe and Gallery
1475,"F-ervescent Productions, LLC"
1476,Wilmington Drama League
1478,Frawley Stadium
1479,Wilmington Blue Rocks
1480,Springfield Hyundai
1481,Thousand Acre Farm
1482,Newark's 250th Anniversary Print
1485,Newark Rail Bridge Abutment Murals
1486,Edgar Allan Poe Mural
1487,Low-Wall Mural
1488,Untitled Mural of Skateboarder
1490,Mary
1492,First mural on the side of Subway
1493,Concrete Oasis
1494,Newark is BEEutiful
1496,Square Tile Mosaic
1497,The Wall
1498,Newark Community Bulletin Board
1499,Ryan Elliot Bell Memorial Bench
1500,Wonderland Records
1502,Molecule
1504,Mural on Jerry's Artarama
1507,Grow Old Along With Me
1508,The Student
1509,Welcome to Newark Rail Bridge Mural
1510,Laugh
1511,What Does Community Mean to You?
1512,Second mural on the side of Subway
1513,Totem
1514,Three Moons
1515,The Ribbon
1516,Newark's Community Day
1517,Archie H Roy
1518,Newark: A Cityscape
1519,Newark and God
1520,Newark and Energy
1521,Chemours Molecule
1522,Del Hispano Magazine
1523,Children's Beach House
1524,Bellevue Community Center
1525,Cancer Support Community Delaware
1526,Sweet Relief Musicians Fund
1527,Pencader Flute Duo
1528,"Atelier Fine Art Services, LLC"
1529,"University of Delaware, Biden Institute"
1530,Diamond Swing Jazz
1532,Paint Plant Create
1533,ArtzScape by Lady C Productions
1534,"City of Lewes Parks and Marina - Lewes, DE"
1535,Delaware Small Business Chamber
1537,Dramatists Guild of America: DG Footlights
1538,Mispillion Performance Series
1539,House Lights
1541,Loblolly Acres
1542,Developing Artist Collaboration
1543,The Anchor Coffee House
1544,"House of Laffs, LLC"
1545,Art Star
1546,Serafin Ensemble
1547,The Mill
1549,CAMP Rehoboth Theatre
1550,Salted Vines Vineyard & Winery
1551,Lazy L Bed & Breakfast at Willow Creek
1552,Encore Creativity for Older Adults
1553,Quartet
1556,Bear Man Comics
1557,Talbot County Garden Club
1558,Merriam Theater
1559,Cookie's Paper Petals
1560,Walnut Street YMCA
1561,Easterseals Camp Fairlee
1562,Talbot Historical Society
1565,The Lewes African American Heritage Commission
1566,Tri-State Bird Rescue & Research
1567,Jester Artspace
1568,The Pines
1569,Mid-Atlantic Symphony Orchestra
1570,Tango Prohibido-Delaware Argentine Tango Community
1571,Ballet Theatre of Dover
1572,The In-Studio Theatre
1573,Atonement Methodist Church
1574,Delaware Shoppes
1575,Shore Jazz
1577,E.O. Bull Center for the Arts
1578,Salute to Cecil County Veterans
1579,Elkton Community Kitchen
1581,Take the Lead Dance Studio
1582,Town of Bowers
1583,"STVC,Inc./The Academy for Peace"
1584,Kruse Park and Playground
1585,Port Penn Interpretive Center
1586,Milford Public Library
1587,Urban Artist Exchange
1588,Union Park Gardens
1589,Tilton Park
1591,Milford Wellness Village
1592,The Light Entertainment
1594,Travel Guide Vending LLC
1595,The Queen
1596,Oasis Church of Delaware
1597,Tango by the Beach
1598,Plastic Free Delaware
1599,G & R Campground
1600,DuBarry Assembly
1601,Music Together Presto
1602,St. David's Episcopal Church
1603,UUSD
1604,St. Paul's United Methodist Church
1605,Roberta Tucci Studio
1608,Asbury United Methodist Church
1609,Governor's Advisory Council for Exceptional Citizens (GACEC)
1610,SODELO (SOUTHERN DELAWARE ORCHESTRA)
1611,Thompson Island Brewery
1612,DigiMarCon South Atlantic
1614,Linguistica Bilingual Speech Clinic LLC
1615,Brandywine Hundred Library
1616,Cabernet Candles
1617,Women Supporting Women
1618,Oxford Arts Alliance
1621,The Screening Room at 1313
1622,"Fort MIles Museum, Inc"
1624,UD Center for Black Culture
1626,Bellanca Airfield Museum
1627,Gods Power and Light
1628,"Dover Motorsports, Inc."
1629,Morahan Arts and Media
1630,Exceptional Care for Children
1631,Mo'zArt Gallery and Studio
1632,Kent County Parks and Recreation
1633,The Comic Book Artists and Creators of Delaware
1634,Jane and Littleton Mitchell Center for African American Heritage
1638,Damon Pla Fine Arts Studio & Gallery
1639,Kent County Public Library
1640,Elkton Music Hall
1641,Wilmington DE Civil War Round Table
1642,Camden Fireworks
1643,Spektrum Dance Division and Nye Gyame
1644,Main Street Delaware City Inc
1645,BlueBallRoom Dance Studio
1646,Urban Artist Exchange Amphitheater
1647,Nassau Valley Vineyards
1648,Le Cavalier at the Green Room
1649,Silverside Church
1650,Creative Coastal Connections Corp
1651,Volunteer Brewing Company
1653,Crooked Hammock - Lewes
1654,Caribbean Culture Awareness Inc
1656,Heidi Lowe Gallery
1657,The Delaware White-line Woodcut Guild
1658,Go Ape USA
1659,Delaware Prosperity Partnership
1662,Huxley & Hiro Booksellers
1663,Her Tyme 20xx
1664,Double D Taphouse
1665,Church on Main
1666,Blue Streak Gallery
1667,Craft + Mercantile
1668,First State Dance Academy
1670,YMCA of Delaware
1672,Draytons Arts
1673,Dover Motor Speedway
1674,Elevate Vocal Arts
1676,Literacy Delaware
1677,Bellefonte Arts
1679,Hotel Du Pont
1680,Lewes Senior Activity Center
1681,Peace Love Joye Events & Marketing
1682,Uptown Knauer Performing Arts Center
1683,New Life Christian Center International Inc.
1684,Wine School of Philadelphia
1685,St. Mary Anne's Episcopal Church
1686,Bethuel SDA Church
1687,Dewey Beer Co.
1689,Kirkwood Library
1690,Delaware Veterans Post 2
1691,Wayne Art Center
1692,University of Delaware Botanic Gardens
1694,"Esperanza, Inc."
1695,Bally's Dover Casino Resort
1696,Historic Odessa Foundation
1697,Old Swedes Historic Site
1698,David's Studio and Gallery Salon
1699,FAUCC - Friends of the African Union Church Cemetery
1700,"Catalyst For Change, Inc./Girls With Pearls"
1701,Honey Bee Barn at Hopkins Heartland
1702,Millville Boardwalk
1706,Historic Village in Ocean View
1707,Windish Entertainment
1708,Town of Bridgeville
1709,American Friends of Lafayette
1710,45's Forvever
1711,Dover Mall
1713,Robert Price Community Center
1714,The Listening Booth
1716,The Heart To Heart Healing Arts
1718,Central Delaware Civil War Round Table
1720,The Chancery Market Food Hall & Bar
1721,HOY en Delaware
1722,Newlin Grist Mill
1723,Serviam Girls Academy
1724,Claymont Historical Society
1725,St. Barnabas Episcopal Church
1726,Mt. Salem United Methodist Church
1727,Delaware Center for Dance
1728,The Artpothecary by DAC
1729,Brantwyn Estate
1730,Reed's Refuge Center
1731,Belmont Hall
1732,New Life
1733,The Delaware Renaissance Faire
1734,Kreators Mill
1735,Goldey-Beacom College
1737,Paul Kares: The Room at Cedar Grove
1738,"Tri-County Concerts Association, Inc."
1739,Ursuline Academy
1740,William Penn High School
1741,"Culture Restoration Project, Inc."
1742,Shellcrest Swim Club
1743,Belvedere Fire Company Memorial Hall
1744,Police Athletic League Of Wilmington
1745,Shine A Light On Stroke
1746,University of Delaware | BA in Dance and Dance Minor
1747,I AM ART N MOTION
1748,The Venue and The Venue 2.0
1749,The Mainstay
1750,Shorebreak Lodge
1751,WMIC Studios and Sing City Karaoke
1752,"RICHARD ALLEN COALITION, INC"
1753,Dover Middle School
1754,Dimitra Yoga
1755,Scout Cafe
1756,Bethany-Fenwick Area Chamber of Commerce and The Quiet Resorts
1757,The Wildset Hotel
1758,The Arts & Crafts Gild at The Arden Club
1759,Lewes (City of)
1760,Brandywine River Restoration Trust
1761,"Delaware Department of Labor, Division of Industrial Affairs"
1762,God's Power and Light Company
1763,Dogfish Head Chesapeake & Maine
1764,The Little Treasure Shoppe
1765,2nd Saturday Poets
1766,Echoes & Footprints
1767,Drama Kids
1768,Cherry Street Pier
1769,Marian Coffin Gardens at Gibraltar
1772,St. Peter's Episcopal Church
1773,The Benedictine School
1774,Friends of Fort DuPont
1775,New Lease Entertainment LLC
1776,Brandywine Brasserie
1777,"Epitome of Soul, Inc."
1778,St. Martha's Episcopal Church
1779,NAMI Delaware (National Alliance on Mental Illness of Delaware)
1780,MavenTheUSA
1781,Bartol Foundation
1782,Bridge Art Gallery
1783,Kennett Collaborative
1785,8 Souls Publishing
1786,3 Palms Zoo & Education Center
1787,Music Together Presto
1788,3G Management and Entertainment
1789,Barnstormers Theater
1790,The Delaware Renaissance Faire LLC
1791,"Tri-County Concerts Association, Inc."
1792,"Fourth of July Celebration Committee, Inc."
1793,Claymont Elementary School
1794,Garfield Park Community Rec Center
1795,Whitehall Recreation Center
1796,Face the Facts
1797,Newport Rowing Club
1798,Time to Leap Dance Center
1799,Lazy Mary Productions
1800,Alfred G Waters Middle School
1802,Saint Marks High School- Theatre Department
1803,"Encore Creativity of Wilmington, DE"
1804,Bousquet Arts & Music
1805,Hunterdon Art Museum
1806,Concord Presbyterian Church
1807,Harrington Moose Lodge
1808,Progressive Acoustics
1809,The Otello Meucci Performing Arts Center at Newark Charter School
1811,Resolution Steel Orchestra Inc.
1813,Second Ventures LLC
1814,Queenie's Curio
1815,"Frantic Music Project, Inc."
1816,Ingleside Homes Inc.
1817,The Granary
1818,Legislative Hall
1819,University of Delaware School of Music
1820,Harrington Senior Center
1822,Luther Towers of Dover
1823,Osher Lifelong Learning Institute-OLLI
1824,Progressive Acoustic Concerts
1825,Drawing Rooms
1826,The Schwartz Center for the Arts
1827,Laurel High School
1829,Living Mingle
1830,Brandywine Photo Collective
1831,Life Lyrics Entertainment
1832,Delaware Chapter of the American Guild of Organists
1833,Lewes Art Gallery
1834,Whitten's Fine Jewelry
1835,Kent County Levy Court
1836,Nuestras Raices Inc
1837,Mt.Cuba Center
1838,Bridge Art Gallery
1839,West Side Creative Hub
1840,Cambria Hotel
1841,"Delaware Poets, Inc."
1842,Blue Star Museums
1844,Delaware Botanic Gardens
1845,Frank Stephens Memorial Theater
1847,New Destiny Fellowship Church
1849,The Station Gallery Greenville
1850,Impact Life Wilmington and Newark Recovery Cafe
1851,CSC Station
1852,Salem Community College Glass Center
1853,The Teen Warehouse
