Organization Name,Organization URL,Site Map,Events
Biggs Museum of American Art,www.thebiggsmuseum.org/,https://www.thebiggsmuseum.org/wp-sitemap-posts-page-1.xml,https://www.thebiggsmuseum.org/wp-sitemap-posts-tribe_events-1.xml
Brandywine Baroque,www.brandywinebaroque.org,https://www.brandywinebaroque.org/pages-sitemap.xml,https://www.brandywinebaroque.org/concert-season
Candlelight Theatre,candlelighttheatredelaware.org/,https://candlelighttheatredelaware.org/wp-sitemap-posts-page-1.xml,https://candlelighttheatredelaware.org/wp-sitemap-posts-mec-events-1.xml
"Capital Ringers, Inc.",www.capitalringers.org,https://www.capitalringers.org/sitemap_index.xml,https://www.capitalringers.org/event_category-sitemap.xml
"Center for the Creative Arts, Inc.",www.ccarts.org,https://www.ccarts.org/sitemap.xml,https://www.ccarts.org/events
Chapel Street Players,www.chapelstreetplayers.org,https://chapelstreetplayers.org/page-sitemap.xml,https://chapelstreetplayers.org/tribe_events-sitemap.xml
Christina Cultural Arts Center,www.ccacde.org,https://ccacde.org/sitemap-1.xml,https://ccacde.org/events/
City Theater Company,www.city-theater.org/,https://www.city-theater.org/pages-sitemap.xml,https://www.city-theater.org/event-pages-sitemap.xml
Clear Space Theatre Company,www.clearspacetheatre.org,https://www.clearspacetheatre.org/sitemap.xml,https://www.clearspacetheatre.org/upcomingshows
"Coastal Concerts, Inc.",www.coastalconcerts.org/,https://www.coastalconcerts.org/pages-sitemap.xml,https://www.coastalconcerts.org/coastal-concerts-season
"CoroAllegro, Inc.",www.coroallegro.com,https://www.coroallegro.com/pages-sitemap.xml,https://www.coroallegro.com/performances
"Culture Restoration Project, Inc.",www.crpde.org,https://www.crpde.org/pages-sitemap.xml,https://www.crpde.org/events-calendar
Delaware Academy of Vocal Arts,www.elevatevocalarts.org,https://www.elevatevocalarts.org/sitemap.xml,https://elevatevocalarts.org/concerts-and-events
Delaware Art Museum,delart.org,https://delart.org/page-sitemap.xml,https://delart.org/tribe_events-sitemap.xml
Delaware Celebration of Jazz Inc.,www.rehobothjazz.com/,,https://rehobothjazz.com/index.php/schedule-tickets#thursdaysection
Delaware Children's Theatre Ltd.,www.dechildrenstheatre.org/,https://www.dechildrenstheatre.org/sitemap.xml,https://www.dechildrenstheatre.org/news
Delaware Choral Arts Association,delawarechoralarts.org,https://delawarechoralarts.org/wp-sitemap-posts-page-1.xml,https://delawarechoralarts.org/wp-sitemap-posts-event-1.xml
Delaware Choral Society,www.delawarechoralsociety.org/,,https://www.delawarechoralsociety.org/tickets/
Delaware Dance Company,www.delawaredancecompany.org/,https://www.delawaredancecompany.org/sitemap.xml,https://www.delawaredancecompany.org/ddc-calendar
Delaware Institute for the Arts in Education,diae.org/,https://diae.org/page-sitemap.xml,https://diae.org/events/
Delaware Photographic Society,www.delawarephotographicsociety.org/,NKS,https://www.delawarephotographicsociety.org/club/clubschedules.aspx
"Delaware Shakespeare Festival, Inc",delshakes.org,https://delshakes.org/page-sitemap.xml,https://delshakes.org/tribe_events-sitemap.xml
Delaware Symphony Association,www.delawaresymphony.org,https://www.delawaresymphony.org/wp-sitemap-posts-page-1.xml,https://www.delawaresymphony.org/wp-sitemap-posts-dso_events-1.xml
Delaware Theatre Company,www.delawaretheatre.org/,https://www.delawaretheatre.org/pages-sitemap.xml,https://www.delawaretheatre.org/25-26-season
Developing Artist Collaboration Incorporated,www.developingarts.org,https://www.developingarts.org/sitemap.xml,https://www.developingarts.org/calendar
Everett Inc.,theeverett.org,https://theeverett.org/sitemap.xml,https://theeverett.org/all-event-tickets
"First State Ballet Theatre, Inc.",www.firststateballet.org,http://www.firststateballet.org/sitemap.xml,https://www.firststateballet.org/school-pages
Grand Opera House Inc.,www.thegrandwilmington.org/,NKS,https://tickets.thegrandwilmington.org/events
Inner City Cultural League,www.icclarts.org/,https://www.icclarts.org/pages-sitemap.xml,https://www.icclarts.org/calendar
"Jester Artspace, Inc.",www.jesterartspace.org,https://www.jesterartspace.org/wp-sitemap-posts-page-1.xml,https://www.jesterartspace.org/wp-sitemap-posts-calendar-1.xml
Joshua M. Freeman Foundation,www.freemanarts.org,https://www.freemanarts.org/sitemap.xml,https://www.freemanarts.org/events
"Kent County Theatre Guild, Inc",www.kctg.org/,https://www.kctg.org/sitemap.xml,https://www.kctg.org/events
Market Street Music Corporation,marketstreetmusicde.org/,https://marketstreetmusicde.org/sitemap.xml ,https://marketstreetmusicde.org/past-concerts; https://marketstreetmusicde.org/concerts
Milford Community Band,milfordcommunityband.org/,http://milfordcommunityband.org/sitemap.website.xml,http://milfordcommunityband.org/all-events
Milton Arts Guild,www.miltonartsguild.org,https://miltonartsguild.org/wp-sitemap-posts-page-1.xml,https://miltonartsguild.org/calendar/
Mispillion Art League Inc,mispillionarts.org/,NKS,https://mispillionarts.org/events-2/
New Light Theatre Company,www.newlighttheatre.com,https://www.newlighttheatre.com/pages-sitemap.xml,https://www.newlighttheatre.com/past-productions; https://www.newlighttheatre.com/spelling-bee
"Newark Arts Alliance, Inc.",www.newarkartsalliance.org/,https://www.newarkartsalliance.org/sitemap.xml,https://www.newarkartsalliance.org/upcoming-events
Newark Symphony Orchestra,newarksymphony.org,https://newarksymphony.org/page-sitemap.xml,https://newarksymphony.org/event-sitemap.xml
OperaDelaware,www.operade.org,https://www.operade.org/sitemap.xml,https://operade.app.getcuebox.com/o/ZVM24G8G/shows
"Pieces of a Dream, Inc.",www.piecesofadream.org,http://www.piecesofadream.org/sitemap.xml,http://www.piecesofadream.org/tickets--events.html
Possum Point Players,possumpointplayers.org/,https://possumpointplayers.org/sitemap.website.xml,https://possumpointplayers.org/calendar-1
"Reed's Refuge, Inc.",www.reedsrefugecenter.org,https://reedsrefugecenter.org/page-sitemap.xml,https://reedsrefugecenter.org/events_/
Rehoboth Art League,www.rehobothartleague.org/,https://www.rehobothartleague.org/page-sitemap.xml,https://www.rehobothartleague.org/events/
Rehoboth Beach Film Society,www.rehobothfilm.org/,https://www.rehobothfilm.org/sitemap.xml,https://www.rehobothfilm.org/CAT-this-week-cinema-art-theater-now-playing
"Rehoboth Concert Band, Inc.",www.rehobothconcertband.org/,https://www.rehobothconcertband.org/sitemap.xml,https://www.rehobothconcertband.org/index.html
Rehoboth Summer Children's Theatre,www.rehobothchildrenstheatre.org/,https://www.rehobothchildrenstheatre.org/sitemap.xml,https://www.rehobothchildrenstheatre.org/shows--schedule.html
"Seaford Community Concert Association, inc",www.seafordconcerts.org,https://seafordconcerts.org/page-sitemap.xml,https://seafordconcerts.org/concerts/
Second Street Players,www.secondstreetplayers.com/,NKS,http://www.secondstreetplayers.com/Archive_20-29.html; https://milford.booktix.com/; http://www.secondstreetplayers.com/SSP-Main-Stage-2026.html
Smyrna Clayton Heritage Association,www.smyrnaoperahouse.org,https://smyrnaoperahouse.org/page-sitemap.xml,https://smyrnaoperahouse.org/tribe_events-sitemap.xml
Southern Delaware Chorale,southerndelawarechorale.org/,https://southerndelawarechorale.org/sitemap.website.xml,https://southerndelawarechorale.org/2025-2026-season
Southern Delaware Orchestra,www.sodelomusic.org,https://www.sodelomusic.org/pages-sitemap.xml,https://www.sodelomusic.org/events
The Brandywiners Ltd,www.Brandywiners.org,https://brandywiners.org/wp-sitemap-posts-page-1.xml,https://brandywiners.org/calendar/
"The Children's Theatre, Inc.",www.thechildrenstheatreinc.org/,https://www.thechildrenstheatreinc.org/pages-sitemap.xml,https://www.thechildrenstheatreinc.org/shows
"The Choir School of Delaware, Inc.",www.choirschoolofdelaware.org,https://www.choirschoolofdelaware.org/sitemap.xml,https://www.choirschoolofdelaware.org/upcoming-events
The Delaware Contemporary,decontemporary.org,https://decontemporary.org/sitemap.xml,https://www.decontemporary.org/upcoming
"The Dover Art League, Inc.",www.thedoverartleague.com,https://www.thedoverartleague.com/sitemap.xml,https://www.thedoverartleague.com/events
"The Henry Francis du Pont Winterthur Museum, Inc.",www.winterthur.org,https://www.winterthur.org/page-sitemap.xml,https://www.winterthur.org/tribe_events-sitemap.xml
"The Music School of Delaware, Inc",www.musicschoolofdelaware.org/,https://www.musicschoolofdelaware.org/page-sitemap.xml,https://www.musicschoolofdelaware.org/tribe_events-sitemap.xml
The Rainbow Chorale of Delaware,therainbowchorale.org/,,https://therainbowchorale.org/past-performances; https://events.ticketleap.com/events/therainbowchorale
Theatre N Inc,theatren.com,https://theatren.com/sitemap.xml,https://theatren.com/coming-soon
Wilmington Ballet Academy of the Dance Inc,www.wilmingtonballet.org/,https://www.wilmingtonballet.org/sitemap.xml,https://www.wilmingtonballet.org/events
Wilmington Children's Chorus,www.wilmingtonchildrenschorus.org,https://www.wilmingtonchildrenschorus.org/wp-sitemap-posts-page-1.xml,https://www.wilmingtonchildrenschorus.org/events/
"Wilmington Concert Opera, Inc.",www.wilmingtonconcertopera.com,https://www.wilmingtonconcertopera.com/sitemap.xml,https://www.wilmingtonconcertopera.com/events
Wilmington Drama League,www.wilmingtondramaleague.org/,https://www.wilmingtondramaleague.org/pages-sitemap.xml,https://www.wilmingtondramaleague.org/2026-2027-season
Air Mobility Command Museum,https://www.amcmuseum.org,https://www.amcmuseum.org/sitemap.xml,https://www.amcmuseum.org/events-sitemap.xml
Bootless Stageworks,https://www.bootless.org,https://www.bootless.org/sitemap.xml,https://www.bootless.org/tc_events-sitemap.xml
Delaware Agricultural Museum & Village,https://agriculturalmuseum.org,https://agriculturalmuseum.org/wp-sitemap-posts-page-1.xml,https://agriculturalmuseum.org/museum-events/
Delaware Botanic Gardens,https://delawaregardens.org,https://delawaregardens.org/sitemap.xml,https://www.delawaregardens.org/press-releases
Delaware Center for Horticulture,https://thedch.org,https://thedch.org/page-sitemap.xml,https://thedch.org/event-calendar/
Delaware Children's Museum,https://delawarechildrensmuseum.org,https://delawarechildrensmuseum.org/sitemap.xml,https://delawarechildrensmuseum.org/events-sitemap.xml
Delaware Division of Historical & Cultural Affairs,https://history.delaware.gov,https://history.delaware.gov/sitemap.xml,https://history.delaware.gov/tribe_events-sitemap.xml
Delaware Division of the Arts,https://arts.delaware.gov,https://arts.delaware.gov/sitemap.xml,https://arts.delaware.gov/news/
Delaware Historical Society,https://dehistory.org,https://dehistory.org/sitemap.xml,https://dehistory.org/calendar/list/
Delaware Museum of Nature & Science,https://delmns.org,https://delmns.org/sitemap.xml,https://delmns.org/tribe_events-sitemap.xml
Delaware Nature Society,https://delawarenaturesociety.org,https://delawarenaturesociety.org/sitemap.xml,https://delawarenaturesociety.org/tribe_events-sitemap.xml
Hagley Museum and Library,https://www.hagley.org,https://www.hagley.org/sitemap.xml,https://www.hagley.org/plan-your-visit/calendar/all-events
Historic Odessa Foundation,https://historicodessa.org,https://historicodessa.org/sitemap.xml,https://historicodessa.org/events-calendar
Milton Theatre,https://www.miltontheatre.com,https://www.miltontheatre.com/sitemap.xml,https://www.miltontheatre.com/rhp_events-sitemap1.xml
Mt. Cuba Center,https://mtcubacenter.org,https://mtcubacenter.org/sitemap.xml,https://mtcubacenter.org/tribe_events-sitemap.xml
Nemours Estate,https://www.nemoursestate.org,https://www.nemoursestate.org/sitemap.xml,https://www.nemoursestate.org/events.html
Old Swedes Historic Site,https://oldswedes.org,https://oldswedes.org/sitemap.xml,https://oldswedes.org/events/
Riverfront Wilmington,https://riverfrontwilm.com,https://riverfrontwilm.com/sitemap.xml,https://riverfrontwilm.com/tribe_events-sitemap.xml
The Queen (Wilmington),https://thequeenwilmington.com,https://thequeenwilmington.com/sitemap.xml,https://thequeenwilmington.com/fad_tm_event-sitemap.xml
Visit Delaware,https://www.visitdelaware.com,https://www.visitdelaware.com/sitemap.xml,https://www.visitdelaware.com/events/
Visit Rehoboth,https://www.visitrehoboth.com,https://www.visitrehoboth.com/sitemap.xml,https://www.visitrehoboth.com/event
Lewes Historical Society,https://www.historiclewes.org,https://www.historiclewes.org/sitemap_index.xml,https://www.historiclewes.org/tribe_events-sitemap.xml; https://www.historiclewes.org/events/
Schwartz Center for the Arts (Dover),https://www.schwartzcenter.com,,
Delaware State Parks,https://www.destateparks.com,,https://www.destateparks.com/programs/
UD - The Arts at Delaware,https://www.arts.udel.edu,,
Brandywine Zoo,https://www.brandywinezoo.org,https://brandywinezoo.org/sitemap_index.xml,https://brandywinezoo.org/tribe_events-sitemap.xml
Milford Museum,https://www.milforddemuseum.org,,https://www.milforddemuseum.org/events/
Fort Miles Historical Association,https://www.fortmilesha.org,https://fortmilesmuseum.org/fmha/page-sitemap.xml,
Visit Wilmington DE,https://www.visitwilmingtonde.com,https://www.visitwilmingtonde.com/sitemap.xml,https://www.visitwilmingtonde.com/events
delaware libraries,https://delawarelibraries.libcal.com,,https://delawarelibraries.libcal.com/calendar
New Castle City,https://newcastlecity.delaware.gov/,,https://newcastlecity.delaware.gov/events-happenings/
Visit Delaware,https://www.visitdelaware.com,,https://www.visitdelaware.com/events/
Wilminghton,https://www.wilmingtonde.gov,,https://www.wilmingtonde.gov/about-us/events-calendar
Dover,https://www.cityofdover.gov/calendar/,,https://www.cityofdover.gov/calendar/
Newark,https://newarkde.gov/,,https://newarkde.gov/calendar.aspx?view=month&year=2026&month=9&CID=21
Middletown,https://www.middletown.delaware.gov,,https://www.middletown.delaware.gov/calendar
Smyrna,https://smyrna.delaware.gov,,https://smyrna.delaware.gov/calendar.aspx?CID=27
Milford,https://www.cityofmilford.com/,,https://www.cityofmilford.com/
Seafordde,https://www.seafordde.com/,,https://www.seafordde.com/
Delaware State University,https://www.desu.edu/,,https://www.desu.edu/events